{
  "top_anchor_idx": 1688,
  "top_score": 0.9931321740150452,
  "top_regressors": [
    7.2029829025268555,
    3.817613363265991,
    85.41355895996094,
    85.43724060058594,
    -9.193410873413086,
    44.64287185668945,
    24.98257064819336,
    -34.77185821533203,
    5.0114850997924805,
    -35.745765686035156,
    -14.563741683959961,
    -31.471187591552734,
    -33.28582763671875,
    -22.952083587646484,
    18.80703353881836,
    35.5445442199707,
    47.7806396484375,
    12.598840713500977
  ],
  "scores_top10": [
    [
      1688,
      0.9931321740150452
    ],
    [
      1689,
      0.9910638332366943
    ],
    [
      1695,
      0.9892428517341614
    ],
    [
      1694,
      0.988854169845581
    ],
    [
      1761,
      0.980370044708252
    ],
    [
      1760,
      0.9643442630767822
    ],
    [
      1767,
      0.9631893634796143
    ],
    [
      1766,
      0.9302387237548828
    ],
    [
      1768,
      0.9193428158760071
    ],
    [
      1762,
      0.914700448513031
    ]
  ]
}