{
  "input": {
    "shape": [
      3,
      192,
      192
    ],
    "min": 0.0,
    "max": 0.9803921580314636,
    "mean": 0.3055851459503174,
    "sample": [
      0.0,
      0.0,
      0.0,
      0.0,
      0.0,
      0.0,
      0.0,
      0.0,
      0.0,
      0.0
    ]
  },
  "output_Identity": {
    "shape": [
      1,
      2016,
      18
    ],
    "min": -79.4516372680664,
    "max": 131.9148712158203,
    "mean": 4.646531581878662,
    "sample": [
      1.47136652469635,
      3.8214433193206787,
      20.634042739868164,
      20.63230323791504,
      -10.941110610961914,
      13.824175834655762,
      12.579608917236328,
      -7.4373979568481445,
      6.7638373374938965,
      -7.344648838043213,
      1.608384132385254,
      -7.26334810256958,
      -3.704092025756836,
      -7.364397048950195,
      4.071349620819092,
      16.17630958557129,
      18.57616424560547,
      19.728713989257812,
      5.727335453033447,
      7.045656204223633
    ]
  },
  "output_Identity_1": {
    "shape": [
      1,
      2016,
      1
    ],
    "min": -17.886611938476562,
    "max": 2.6278557777404785,
    "mean": -9.80449390411377,
    "sample": [
      -8.509198188781738,
      -11.28425407409668,
      -11.961130142211914,
      -12.450775146484375,
      -11.97653579711914,
      -12.636772155761719,
      -11.029277801513672,
      -13.993646621704102,
      -9.69265365600586,
      -13.330892562866211,
      -9.868556022644043,
      -13.327109336853027,
      -9.762932777404785,
      -14.114912986755371,
      -9.37955379486084,
      -14.483539581298828,
      -10.160276412963867,
      -13.914602279663086,
      -10.84535026550293,
      -14.0296630859375
    ]
  }
}